ticker_db,yf_ticker_corr,yf_ok,precio_yf,nombre,bolsa,tipo,isin,estatus
AC*,AC.MX,SI,207.9,"ARCA CONTINENTAL, S.A.B. DE C.V.",BMV,Acción,MX01AC100006,ACTIVA
ACCELSAB,ACCELSAB.MX,SI,22.17,"ACCEL, S.A.B. DE C.V.",BMV,Acción,MXP000171316,ACTIVA
ACONCK19,ACONCK19.MX,NO,,"BANCO NACIONAL DE MÉXICO, S.A.,  INTEGRANTE DEL GRUPO FINANCIERO BANAMEX",BMV,Acción,MX1RAC170016,ACTIVA
ACONCK14,ACONCK14.MX,NO,,"BANCO NACIONAL DE MÉXICO, S.A.,  INTEGRANTE DEL GRUPO FINANCIERO BANAMEX",BMV,Acción,MX1RAC170008,ACTIVA
ACTINVRB,ACTINVRB.MX,SI,22.41,"CORPORACION ACTINVER, S.A.B. DE C.V.",BMV,Acción,MX01AC0Q0007,ACTIVA
ACTPI19,ACTPI19.MX,NO,,"CIBANCO,S.A. INSTITUCION DE BANCA MULTIPLE",BMV,Acción,MX1RAC1N0002,ACTIVA
ADMEXCK09,ADMEXCK09.MX,NO,,"BANCO INVEX, S.A., INSTITUCION DE BANCA MULTIPLE, INVEX GRUPO FINANCIERO",BMV,Acción,MX1RAD030003,ACTIVA
AGCCK12,AGCCK12.MX,NO,,"HSBC MEXICO, S.A., INSTITUCION DE BANCA MULTIPLE, GRUPO FINANCIERO HSBC",BMV,Acción,MX1RAG030000,ACTIVA
AGUA*,AGUA.MX,SI,11.36,"GRUPO ROTOPLAS, S.A.B. DE C.V.",BMV,Acción,MX01AG050009,ACTIVA
AGUILASCPO,AGUILASCPO.MX,SI,76.0,"OLLAMANI, S.A.B",BMV,Acción,MX01AG080022,ACTIVA
AINDACK23,AINDACK23.MX,NO,,"BANCO INVEX, S.A., INSTITUCION DE BANCA MULTIPLE, INVEX GRUPO FINANCIERO",BMV,Acción,,ACTIVA
AINDACK18A,AINDACK18A.MX,NO,,"BANCO INVEX, S.A., INSTITUCION DE BANCA MULTIPLE, INVEX GRUPO FINANCIERO",BMV,Acción,,ACTIVA
AIONPI23,AIONPI23.MX,NO,,"CIBANCO, S.A., INSTITUCIÓN DE BANCA MÚLTIPLE",BIVA,Acción,MX1RAI080003,ACTIVA
AIONPI23-2,AIONPI23-2.MX,NO,,"CIBANCO, S.A., INSTITUCIÓN DE BANCA MÚLTIPLE",BIVA,Acción,MX1RAI080011,ACTIVA
AIONPI23-3,AIONPI23-3.MX,NO,,"CIBANCO, S.A., INSTITUCIÓN DE BANCA MÚLTIPLE",BIVA,Acción,MX1RAI080029,ACTIVA
ALLVPCK18,ALLVPCK18.MX,NO,,"CIBANCO,S.A. INSTITUCION DE BANCA MULTIPLE",BMV,Acción,MX1RAL1B0007,ACTIVA
ALPEKA,ALPEKA.MX,SI,8.23,"ALPEK, S.A.B. DE C.V.",BMV,Acción,MX01AL0C0004,ACTIVA
ALSEA*,ALSEA.MX,SI,60.83,"ALSEA, S.A.B. DE C.V.",BMV,Acción,MXP001391012,ACTIVA
ALTERNAB,ALTERNAB.MX,SI,1.61,"ALTERNA ASESORIA INTERNACIONAL, S.A.B. DE C.V.",BMV,Acción,MX01AL2G0008,ACTIVA
ALTUM24,ALTUM24.MX,NO,,"BANCO ACTINVER, S.A. INSTITUCIÓN DE BANCA MÚLTIPLE, GRUPO FINANCIERO ACTINVER",BIVA,Acción,MX1RAL1N0003,ACTIVA
ALTUMCK19-3,ALTUMCK19-3.MX,NO,,"BANCO INVEX, S.A., INSTITUCION DE BANCA MULTIPLE, INVEX GRUPO FINANCIERO",BIVA,Acción,MX1RAL1F0029,ACTIVA
ALTUMCK22,ALTUMCK22.MX,NO,,"BANCO INVEX, S.A., INSTITUCION DE BANCA MULTIPLE, INVEX GRUPO FINANCIERO",BIVA,Acción,MX1RAL1F0037,ACTIVA
ALTUMCK19-2,ALTUMCK19-2.MX,NO,,"BANCO INVEX, S.A., INSTITUCION DE BANCA MULTIPLE, INVEX GRUPO FINANCIERO",BIVA,Acción,MX1RAL1F0011,ACTIVA
AMICK18,AMICK18.MX,NO,,"BANCO INVEX, S.A., INSTITUCION DE BANCA MULTIPLE, INVEX GRUPO FINANCIERO",BMV,Acción,MX1RAM200001,ACTIVA
AMXB,AMXB.MX,SI,22.45,"AMERICA MOVIL, S.A.B. DE C.V.",BMV,Acción,MX01AM050019,ACTIVA
ANB*,ANB.MX,SI,1400.0,ANHEUSER-BUSCH INBEV SA/NV,BMV,Acción,BE0974293251,ACTIVA
ARA*,ARA.MX,SI,4.7,"CONSORCIO ARA, S.A.B. DE C.V.",BMV,Acción,MXP001161019,ACTIVA
ARAGOPI20D,ARAGOPI20D.MX,NO,,"CIBANCO,S.A. INSTITUCION DE BANCA MULTIPLE",BMV,Acción,,ACTIVA
ARISTOSA,ARISTOSA.MX,SI,13.55,"CONSORCIO ARISTOS, S.A.B. DE C.V.",BMV,Acción,MXP050421090,ACTIVA
ARTH4CK15,ARTH4CK15.MX,NO,,"CIBANCO,S.A. INSTITUCION DE BANCA MULTIPLE",BMV,Acción,MX1RAR170001,ACTIVA
ARTH4CK15-2,ARTH4CK15-2.MX,NO,,"CIBANCO,S.A. INSTITUCION DE BANCA MULTIPLE",BMV,Acción,MX1RAR170019,ACTIVA
ARTH4CK18,ARTH4CK18.MX,NO,,"CIBANCO,S.A. INSTITUCION DE BANCA MULTIPLE",BMV,Acción,MX1RAR170027,ACTIVA
ARTH5CK17,ARTH5CK17.MX,NO,,"CIBANCO,S.A. INSTITUCION DE BANCA MULTIPLE",BMV,Acción,MX1RAR1B0004,ACTIVA
ASURB,ASURB.MX,SI,620.33,"GRUPO AEROPORTUARIO DEL SURESTE, S.A.B. DE C.V.",BMV,Acción,MXP001661018,ACTIVA
AUTLANB,AUTLANB.MX,SI,7.6,"COMPAÑIA MINERA AUTLAN, S.A.B. DE C. V.",BMV,Acción,MXP0598H1110,ACTIVA
AXIS2CK14,AXIS2CK14.MX,NO,,"CIBANCO,S.A. INSTITUCION DE BANCA MULTIPLE",BMV,Acción,MX1RAX070005,ACTIVA
AXTELCPO,AXTELCPO.MX,SI,2.72,"AXTEL, S.A.B. DE C.V.",BMV,Acción,MX01AX040009,ACTIVA
AYLLUPI21-18,AYLLUPI21-18.MX,NO,,"CIBANCO, S.A., INSTITUCIÓN DE BANCA MÚLTIPLE",BIVA,Acción,MX1RAY0000Q9,ACTIVA
AYLLUPI21D-4,AYLLUPI21D-4.MX,NO,,"CIBANCO, S.A., INSTITUCIÓN DE BANCA MÚLTIPLE",BIVA,Acción,MX1RAY0000F2,ACTIVA
AYLLUPI21-19,AYLLUPI21-19.MX,NO,,"CIBANCO, S.A., INSTITUCIÓN DE BANCA MÚLTIPLE",BIVA,Acción,MX1RAY0000R7,ACTIVA
AYLLUPI21-20,AYLLUPI21-20.MX,NO,,"CIBANCO, S.A., INSTITUCIÓN DE BANCA MÚLTIPLE",BIVA,Acción,MX1RAY0000S5,ACTIVA
AYLLUPI21D,AYLLUPI21D.MX,NO,,"CIBANCO, S.A., INSTITUCIÓN DE BANCA MÚLTIPLE",BIVA,Acción,MX1RAY0000I6,ACTIVA
AYLLUPI21D-2,AYLLUPI21D-2.MX,NO,,"CIBANCO, S.A., INSTITUCIÓN DE BANCA MÚLTIPLE",BIVA,Acción,MX1RAY0000H8,ACTIVA
AYLLUPI21D-3,AYLLUPI21D-3.MX,NO,,"CIBANCO, S.A., INSTITUCIÓN DE BANCA MÚLTIPLE",BIVA,Acción,MX1RAY0000G0,ACTIVA
AYLLUPI21D-5,AYLLUPI21D-5.MX,NO,,"CIBANCO, S.A., INSTITUCIÓN DE BANCA MÚLTIPLE",BIVA,Acción,MX1RAY0000E5,ACTIVA
AYLLUPI21D-6,AYLLUPI21D-6.MX,NO,,"CIBANCO, S.A., INSTITUCIÓN DE BANCA MÚLTIPLE",BIVA,Acción,MX1RAY0000D7,ACTIVA
AYLLUPI21D-7,AYLLUPI21D-7.MX,NO,,"CIBANCO, S.A., INSTITUCIÓN DE BANCA MÚLTIPLE",BIVA,Acción,MX1RAY0000C9,ACTIVA
AYLLUPI21D-8,AYLLUPI21D-8.MX,NO,,"CIBANCO, S.A., INSTITUCIÓN DE BANCA MÚLTIPLE",BIVA,Acción,MX1RAY0000B1,ACTIVA
AYLLUPI21D-9,AYLLUPI21D-9.MX,NO,,"CIBANCO, S.A., INSTITUCIÓN DE BANCA MÚLTIPLE",BIVA,Acción,MX1RAY0000A3,ACTIVA
AYLLUPI21D10,AYLLUPI21D10.MX,NO,,"CIBANCO, S.A., INSTITUCIÓN DE BANCA MÚLTIPLE",BIVA,Acción,MX1RAY000092,ACTIVA
AYLLUPI22,AYLLUPI22.MX,NO,,"CIBANCO, S.A., INSTITUCIÓN DE BANCA MÚLTIPLE",BIVA,Acción,MX1RAY0000T3,ACTIVA
AYLLUPI21-16,AYLLUPI21-16.MX,NO,,"CIBANCO, S.A., INSTITUCIÓN DE BANCA MÚLTIPLE",BIVA,Acción,MX1RAY0000O4,ACTIVA
AYLLUPI21-17,AYLLUPI21-17.MX,NO,,"CIBANCO, S.A., INSTITUCIÓN DE BANCA MÚLTIPLE",BIVA,Acción,MX1RAY0000P1,ACTIVA
AYLLUPI18D,AYLLUPI18D.MX,NO,,"CIBANCO, S.A., INSTITUCIÓN DE BANCA MÚLTIPLE",BIVA,Acción,MX1RAY000076,ACTIVA
AYLLUPI20D,AYLLUPI20D.MX,NO,,"CIBANCO, S.A., INSTITUCIÓN DE BANCA MÚLTIPLE",BIVA,Acción,MX1RAY000019,ACTIVA
AYLLUPI20D-2,AYLLUPI20D-2.MX,NO,,"CIBANCO, S.A., INSTITUCIÓN DE BANCA MÚLTIPLE",BIVA,Acción,MX1RAY000027,ACTIVA
AYLLUPI20D-3,AYLLUPI20D-3.MX,NO,,"CIBANCO, S.A., INSTITUCIÓN DE BANCA MÚLTIPLE",BIVA,Acción,MX1RAY000035,ACTIVA
AYLLUPI20D-4,AYLLUPI20D-4.MX,NO,,"CIBANCO, S.A., INSTITUCIÓN DE BANCA MÚLTIPLE",BIVA,Acción,MX1RAY000043,ACTIVA
AYLLUPI20D-5,AYLLUPI20D-5.MX,NO,,"CIBANCO, S.A., INSTITUCIÓN DE BANCA MÚLTIPLE",BIVA,Acción,MX1RAY000084,ACTIVA
AYLLUPI20D-6,AYLLUPI20D-6.MX,NO,,"CIBANCO, S.A., INSTITUCIÓN DE BANCA MÚLTIPLE",BIVA,Acción,MX1RAY000050,ACTIVA
AYLLUPI20D-7,AYLLUPI20D-7.MX,NO,,"CIBANCO, S.A., INSTITUCIÓN DE BANCA MÚLTIPLE",BIVA,Acción,MX1RAY000068,ACTIVA
AYLLUPI21-11,AYLLUPI21-11.MX,NO,,"CIBANCO, S.A., INSTITUCIÓN DE BANCA MÚLTIPLE",BIVA,Acción,MX1RAY0000J4,ACTIVA
AYLLUPI21-12,AYLLUPI21-12.MX,NO,,"CIBANCO, S.A., INSTITUCIÓN DE BANCA MÚLTIPLE",BIVA,Acción,MX1RAY0000K2,ACTIVA
AYLLUPI21-13,AYLLUPI21-13.MX,NO,,"CIBANCO, S.A., INSTITUCIÓN DE BANCA MÚLTIPLE",BIVA,Acción,MX1RAY0000L0,ACTIVA
AYLLUPI21-14,AYLLUPI21-14.MX,NO,,"CIBANCO, S.A., INSTITUCIÓN DE BANCA MÚLTIPLE",BIVA,Acción,MX1RAY0000M8,ACTIVA
AYLLUPI21-15,AYLLUPI21-15.MX,NO,,"CIBANCO, S.A., INSTITUCIÓN DE BANCA MÚLTIPLE",BIVA,Acción,MX1RAY0000N6,ACTIVA
BAFARB,BAFARB.MX,SI,120.0,"GRUPO BAFAR, S.A.B. DE C.V.",BMV,Acción,MXP100901018,ACTIVA
BALAMCK16,BALAMCK16.MX,NO,,"BANCO NACIONAL DE MÉXICO, S.A.,  INTEGRANTE DEL GRUPO FINANCIERO BANAMEX",BMV,Acción,MX1RBA1O0003,ACTIVA
BALAMCK18,BALAMCK18.MX,NO,,"BANCO NACIONAL DE MÉXICO, S.A.,  INTEGRANTE DEL GRUPO FINANCIERO BANAMEX",BMV,Acción,,ACTIVA
BBAJIOO,BBAJIOO.MX,SI,57.43,"BANCO DEL BAJÍO, S.A., INSTITUCIÓN DE BANCA MÚLTIPLE",BMV,Acción,MX41BB000000,ACTIVA
BBVA*,BBVA.MX,SI,396.0,"BANCO BILBAO VIZCAYA ARGENTARIA, S.A.",BMV,Acción,ES0113211835,ACTIVA
BCCK17,BCCK17.MX,NO,,"CIBANCO,S.A. INSTITUCION DE BANCA MULTIPLE",BMV,Acción,MX1RBC0F0001,ACTIVA
BCCK18,BCCK18.MX,NO,,"CIBANCO,S.A. INSTITUCION DE BANCA MULTIPLE",BMV,Acción,,ACTIVA
BEEL2CK24,BEEL2CK24.MX,NO,,"BANCO ACTINVER, S.A. INSTITUCIÓN DE BANCA MÚLTIPLE, GRUPO FINANCIERO ACTINVER",BIVA,Acción,MX1RBE0D0009,ACTIVA
BEELICK20,BEELICK20.MX,NO,,"BANCO ACTINVER, S.A. INSTITUCIÓN DE BANCA MÚLTIPLE, GRUPO FINANCIERO ACTINVER",BIVA,Acción,MX1RBE0C0000,ACTIVA
BEVIDESB,BEVIDESB.MX,SI,26.0,"FARMACIAS BENAVIDES, S.A.B. DE C.V.",BMV,Acción,MXP3895X1106,ACTIVA
BEVIDESA,BEVIDESA.MX,NO,,"FARMACIAS BENAVIDES, S.A.B. DE C.V.",BMV,Acción,MXP3895X1023,ACTIVA
BIMBOA,BIMBOA.MX,SI,62.6,"GRUPO BIMBO, S.A.B. DE C.V.",BMV,Acción,MXP495211262,ACTIVA
BLKAGPI23D,BLKAGPI23D.MX,NO,,"CIBANCO,S.A. INSTITUCION DE BANCA MULTIPLE",BMV,Acción,,ACTIVA
BLKAGPI18D,BLKAGPI18D.MX,NO,,"CIBANCO,S.A. INSTITUCION DE BANCA MULTIPLE",BMV,Acción,MX1RBL030002,ACTIVA
BLKCPI18,BLKCPI18.MX,NO,,"CIBANCO,S.A. INSTITUCION DE BANCA MULTIPLE",BMV,Acción,MX1RBL020003,ACTIVA
BLKPEPI19-2D,BLKPEPI19-2D.MX,NO,,"CIBANCO,S.A. INSTITUCION DE BANCA MULTIPLE",BMV,Acción,,ACTIVA
BLKPEPI19-3D,BLKPEPI19-3D.MX,NO,,"CIBANCO,S.A. INSTITUCION DE BANCA MULTIPLE",BMV,Acción,,ACTIVA
BLKPEPI19-4D,BLKPEPI19-4D.MX,NO,,"CIBANCO,S.A. INSTITUCION DE BANCA MULTIPLE",BMV,Acción,,ACTIVA
BLKPEPI19-5D,BLKPEPI19-5D.MX,NO,,"CIBANCO,S.A. INSTITUCION DE BANCA MULTIPLE",BMV,Acción,,ACTIVA
BLKPEPI19-6D,BLKPEPI19-6D.MX,NO,,"CIBANCO,S.A. INSTITUCION DE BANCA MULTIPLE",BMV,Acción,,ACTIVA
BLKPEPI19-7D,BLKPEPI19-7D.MX,NO,,"CIBANCO,S.A. INSTITUCION DE BANCA MULTIPLE",BMV,Acción,,ACTIVA
BLKPEPI19D,BLKPEPI19D.MX,NO,,"CIBANCO,S.A. INSTITUCION DE BANCA MULTIPLE",BMV,Acción,,ACTIVA
BLKPEPI22D,BLKPEPI22D.MX,NO,,"CIBANCO,S.A. INSTITUCION DE BANCA MULTIPLE",BMV,Acción,,ACTIVA
BOCELCK20,BOCELCK20.MX,NO,,"BANCO INVEX, S.A., INSTITUCION DE BANCA MULTIPLE, INVEX GRUPO FINANCIERO",BMV,Acción,,ACTIVA
BOLSAA,BOLSAA.MX,SI,37.92,"BOLSA MEXICANA DE VALORES, S.A.B. DE C.V.",BMV,Acción,MX01BM1B0000,ACTIVA
BXMXPI18-2D,BXMXPI18-2D.MX,NO,,"CIBANCO,S.A. INSTITUCION DE BANCA MULTIPLE",BMV,Acción,MX1RBX0C0018,ACTIVA
BXMXPI18-3D,BXMXPI18-3D.MX,NO,,"CIBANCO,S.A. INSTITUCION DE BANCA MULTIPLE",BMV,Acción,MX1RBX0C0026,ACTIVA
BXMXPI18D,BXMXPI18D.MX,NO,,"CIBANCO,S.A. INSTITUCION DE BANCA MULTIPLE",BMV,Acción,MX1RBX0C0000,ACTIVA
CABLECPO,CABLECPO.MX,SI,55.0,"EMPRESAS CABLEVISION, S.A. DE C.V.",BMV,Acción,MX01CA110005,ACTIVA
CADUA,CADUA.MX,SI,5.2,CORPOVAEL S.A.B. DE C.V.,BMV,Acción,MX01CA130029,ACTIVA
CAPGLPI18,CAPGLPI18.MX,NO,,"CIBANCO, S.A., INSTITUCIÓN DE BANCA MÚLTIPLE",BIVA,Acción,MX1RCA1W0001,ACTIVA
CAPGLPI22-3,CAPGLPI22-3.MX,NO,,"CIBANCO, S.A., INSTITUCIÓN DE BANCA MÚLTIPLE",BIVA,Acción,MX1RCA1W0027,ACTIVA
CAPGLPI22,CAPGLPI22.MX,NO,,"CIBANCO, S.A., INSTITUCIÓN DE BANCA MÚLTIPLE",BIVA,Acción,MX1RCA1W0019,ACTIVA
CAPGLPI22-2,CAPGLPI22-2.MX,NO,,"CIBANCO, S.A., INSTITUCIÓN DE BANCA MÚLTIPLE",BIVA,Acción,MX1RCA1W0035,ACTIVA
CAPI22,CAPI22.MX,NO,,"CIBANCO, S.A., INSTITUCIÓN DE BANCA MÚLTIPLE",BIVA,Acción,MX1RCA210002,ACTIVA
CAPI22-2,CAPI22-2.MX,NO,,"CIBANCO, S.A., INSTITUCIÓN DE BANCA MÚLTIPLE",BIVA,Acción,MX1RCA210010,ACTIVA
CAPI22-3,CAPI22-3.MX,NO,,"CIBANCO, S.A., INSTITUCIÓN DE BANCA MÚLTIPLE",BIVA,Acción,MX1RCA210028,ACTIVA
CARZACK18,CARZACK18.MX,SI,0.06,"CIBANCO,S.A. INSTITUCION DE BANCA MULTIPLE",BMV,Acción,MX1RCA1S0015,ACTIVA
CAT2CK15,CAT2CK15.MX,NO,,"BANCO NACIONAL DE MÉXICO, S.A., INTEGRANTE DEL GRUPO FINANCIERO BANAMEX",BIVA,Acción,MX1RCA270006,ACTIVA
CATCK12,CATCK12.MX,NO,,"BANCO NACIONAL DE MÉXICO, S.A., INTEGRANTE DEL GRUPO FINANCIERO BANAMEX",BIVA,Acción,MX1RCA250008,ACTIVA
CATMRCK17,CATMRCK17.MX,NO,,"CIBANCO, S.A., INSTITUCIÓN DE BANCA MÚLTIPLE",BIVA,Acción,MX1RCA260000,ACTIVA
CEMEXCPO,CEMEXCPO.MX,SI,21.62,"CEMEX, S.A.B. DE C.V.",BMV,Acción,MXP225611567,ACTIVA
CHDRAUIB,CHDRAUIB.MX,SI,110.28,"GRUPO COMERCIAL CHEDRAUI, S.A.B. DE C.V.",BMV,Acción,MX01CH170002,ACTIVA
CIDMEGA*,CIDMEGA.MX,SI,23.6,"GRUPE, S.A.B. DE C.V.",BMV,Acción,MX01CI030007,ACTIVA
CIEB,CIEB.MX,SI,41.5,"CORPORACION INTERAMERICANA DE ENTRETENIMIENTO, S.A.B. DE C.V.",BMV,Acción,MXP201161017,ACTIVA
CLNYCK15,CLNYCK15.MX,NO,,"CIBANCO,S.A. INSTITUCION DE BANCA MULTIPLE",BMV,Acción,MX1RCL010003,ACTIVA
CLNYCK15-2,CLNYCK15-2.MX,NO,,"CIBANCO,S.A. INSTITUCION DE BANCA MULTIPLE",BMV,Acción,MX1RCL010011,ACTIVA
CMOCTEZ*,CMOCTEZ.MX,SI,79.0,"CORPORACION MOCTEZUMA, S.A.B. DE C.V.",BMV,Acción,MXP314311103,ACTIVA
CMRB,CMRB.MX,SI,1.45,"CMR, S.A.B. DE C.V.",BMV,Acción,MX01CM020002,ACTIVA
COLLADO*,COLLADO.MX,SI,7.8,"G COLLADO, S.A.B. DE C.V.",BMV,Acción,MXP201301019,ACTIVA
CONVERA,CONVERA.MX,SI,2.05,"CONVERTIDORA INDUSTRIAL, S.A.B. DE C.V.",BMV,Acción,MXP201231117,ACTIVA
COXA*,COXA.MX,SI,22.53,"Cox Energy América, S.A.B. de C.V.",BIVA,Acción,MX01CO0U0028,ACTIVA
CTAXTELA,CTAXTELA.MX,SI,0.88,"CONTROLADORA AXTEL, S.A.B. DE C.V.",BMV,Acción,MX01CT0D0002,ACTIVA
CUERVO*,CUERVO.MX,SI,17.49,"BECLE, S.A.B. DE C.V.",BMV,Acción,MX01CU010003,ACTIVA
CULTIBAB,CULTIBAB.MX,SI,12.1,"ORGANIZACIÓN CULTIBA, S.A.B. DE CV",BMV,Acción,MX01CU000004,ACTIVA
CYDSASAA,CYDSASAA.MX,SI,19.4,"CYDSA, S.A.B. DE C.V.",BMV,Acción,MXP339881098,ACTIVA
DAIVCK16,DAIVCK16.MX,NO,,"BANCO INVEX, S.A., INSTITUCION DE BANCA MULTIPLE, INVEX GRUPO FINANCIERO",BMV,Acción,MX1RDA080008,ACTIVA
DALUSCK16,DALUSCK16.MX,NO,,"BANCO INVEX, S.A., INSTITUCION DE BANCA MULTIPLE, INVEX GRUPO FINANCIERO",BMV,Acción,MX1RDA070009,ACTIVA
DATCK14,DATCK14.MX,NO,,"BANCO INVEX, S.A., INSTITUCION DE BANCA MULTIPLE, INVEX GRUPO FINANCIERO",BMV,Acción,MX1RDA030003,ACTIVA
DELTACK18,DELTACK18.MX,NO,,"BANCO INVEX, S.A., INSTITUCION DE BANCA MULTIPLE, INVEX GRUPO FINANCIERO",BMV,Acción,MX1RDE080004,ACTIVA
DIABLOSA,DIABLOSA.MX,NO,,"DIABLOS ROJOS DEL MÉXICO,S.A.P.I.B. DE C.V.",BMV,Acción,,ACTIVA
DIABLOSO,DIABLOSO.MX,SI,26.9,"DIABLOS ROJOS DEL MÉXICO,S.A.P.I.B. DE C.V.",BMV,Acción,,ACTIVA
DINEA,DINEA.MX,SI,23.0,"DINE, S.A.B. DE C.V.",BMV,Acción,MX01DI1J0006,ACTIVA
DINEB,DINEB.MX,SI,22.6,"DINE, S.A.B. DE C.V.",BMV,Acción,MX01DI1J0014,ACTIVA
EXI2CK17,EXI2CK17.MX,NO,,"BANCO NACIONAL DE MÉXICO, S.A.,  INTEGRANTE DEL GRUPO FINANCIERO BANAMEX",BMV,Acción,MX1REX0G0000,ACTIVA
EXI3CK20,EXI3CK20.MX,NO,,"BANCO ACTINVER, S.A. INSTITUCION DE BANCA MULTIPLE, GRUPO FINANCIERO ACTINVER",BMV,Acción,,ACTIVA
EXI3CK21,EXI3CK21.MX,NO,,"BANCO ACTINVER, S.A. INSTITUCION DE BANCA MULTIPLE, GRUPO FINANCIERO ACTINVER",BMV,Acción,,ACTIVA
EXICK14,EXICK14.MX,NO,,"BANCO NACIONAL DE MÉXICO, S.A.,  INTEGRANTE DEL GRUPO FINANCIERO BANAMEX",BMV,Acción,MX1REX0F0001,ACTIVA
EXICPI18,EXICPI18.MX,NO,,"BANCO NACIONAL DE MÉXICO, S.A.,  INTEGRANTE DEL GRUPO FINANCIERO BANAMEX",BMV,Acción,MX1REX0I0008,ACTIVA
EXICPI19,EXICPI19.MX,NO,,"BANCO NACIONAL DE MÉXICO, S.A.,  INTEGRANTE DEL GRUPO FINANCIERO BANAMEX",BMV,Acción,,ACTIVA
F1CC15,F1CC15.MX,NO,,"BANCO INVEX, S.A., INSTITUCION DE BANCA MULTIPLE, INVEX GRUPO FINANCIERO",BMV,Acción,MX1RF1000003,ACTIVA
FANVIPI23,FANVIPI23.MX,NO,,"HSBC MEXICO, S.A., INSTITUCIÓN DE BANCA MÚLTIPLE, GRUPO FINANCIERO HSBC",BIVA,Acción,MX1RFA0E0007,ACTIVA
FCICK16,FCICK16.MX,NO,,"BANCO INVEX, S.A., INSTITUCION DE BANCA MULTIPLE, INVEX GRUPO FINANCIERO",BMV,Acción,MX1RFC070005,ACTIVA
FEMSAUBD,FEMSAUBD.MX,SI,193.63,"FOMENTO ECONÓMICO MEXICANO, S.A.B. DE C.V.",BMV,Acción,MXP320321310,ACTIVA
FEMSAUB,FEMSAUB.MX,SI,159.0,"FOMENTO ECONÓMICO MEXICANO, S.A.B. DE C.V.",BMV,Acción,MXP320321211,ACTIVA
FFBANCK18,FFBANCK18.MX,NO,,"BANCO INVEX, S.A., INSTITUCION DE BANCA MULTIPLE, INVEX GRUPO FINANCIERO",BMV,Acción,MX1RFF050004,ACTIVA
FFLA1CK15,FFLA1CK15.MX,NO,,"BANCO INVEX, S.A., INSTITUCION DE BANCA MULTIPLE, INVEX GRUPO FINANCIERO",BMV,Acción,MX1RFF010008,ACTIVA
FFLA2CK15,FFLA2CK15.MX,NO,,"BANCO INVEX, S.A., INSTITUCION DE BANCA MULTIPLE, INVEX GRUPO FINANCIERO",BMV,Acción,MX1RFF020007,ACTIVA
FFLA3CK15,FFLA3CK15.MX,NO,,"BANCO INVEX, S.A., INSTITUCION DE BANCA MULTIPLE, INVEX GRUPO FINANCIERO",BMV,Acción,MX1RFF030006,ACTIVA
FFLA4CK15,FFLA4CK15.MX,NO,,"BANCO INVEX, S.A., INSTITUCION DE BANCA MULTIPLE, INVEX GRUPO FINANCIERO",BMV,Acción,MX1RFF040005,ACTIVA
FIECK24D,FIECK24D.MX,NO,,"BANCO ACTINVER, S.A. INSTITUCION DE BANCA MULTIPLE, GRUPO FINANCIERO ACTINVER",BMV,Acción,,ACTIVA
FIECK23D,FIECK23D.MX,NO,,"BANCO ACTINVER, S.A. INSTITUCION DE BANCA MULTIPLE, GRUPO FINANCIERO ACTINVER",BMV,Acción,,ACTIVA
FIECK23-2D,FIECK23-2D.MX,NO,,"BANCO ACTINVER, S.A. INSTITUCION DE BANCA MULTIPLE, GRUPO FINANCIERO ACTINVER",BMV,Acción,,ACTIVA
FIMMCK09,FIMMCK09.MX,NO,,"THE BANK OF NEW YORK MELLON, S.A., INSTITUCION DE BANCA MULTIPLE",BMV,Acción,MX1RFI0Q0006,ACTIVA
FINAMEXO,FINAMEXO.MX,SI,38.0,"CASA DE BOLSA FINAMEX, S.A.B. DE C.V.",BMV,Acción,MX03FI2S0005,ACTIVA
FINDEP*,FINDEP.MX,SI,8.79,"FINANCIERA INDEPENDENCIA, S.A.B. DE C.V. SOFOM, E.N.R.",BMV,Acción,MX00FI050003,ACTIVA
FNSA3CK21-2D,FNSA3CK21-2D.MX,NO,,"BANCO INVEX, S.A., INSTITUCION DE BANCA MULTIPLE, INVEX GRUPO FINANCIERO",BMV,Acción,,ACTIVA
FNSA3CK21-3D,FNSA3CK21-3D.MX,NO,,"BANCO INVEX, S.A., INSTITUCION DE BANCA MULTIPLE, INVEX GRUPO FINANCIERO",BMV,Acción,,ACTIVA
FNSA3CK21D,FNSA3CK21D.MX,NO,,"BANCO INVEX, S.A., INSTITUCION DE BANCA MULTIPLE, INVEX GRUPO FINANCIERO",BMV,Acción,,ACTIVA
FORTMCK18,FORTMCK18.MX,NO,,"BANCO ACTINVER, S.A. INSTITUCIÓN DE BANCA MÚLTIPLE, GRUPO FINANCIERO ACTINVER",BIVA,Acción,MX1RFO0J0003,ACTIVA
FORTMCK22,FORTMCK22.MX,NO,,"BANCO ACTINVER, S.A. INSTITUCIÓN DE BANCA MÚLTIPLE, GRUPO FINANCIERO ACTINVER",BIVA,Acción,MX1RFO0J0011,ACTIVA
FRAGUAB,FRAGUAB.MX,SI,537.5,"CORPORATIVO FRAGUA, S.A.B. DE C.V.",BMV,Acción,MXP321131015,ACTIVA
FRES*,FRES.MX,SI,970.0,FRESNILLO PLC,BMV,Acción,GB00B2QPKJ12,ACTIVA
GAPB,GAPB.MX,SI,449.96,"GRUPO AEROPORTUARIO DEL PACIFICO, S.A.B. DE C.V.",BMV,Acción,MX01GA000004,ACTIVA
GAPI21D,GAPI21D.MX,NO,,"CIBANCO,S.A. INSTITUCION DE BANCA MULTIPLE",BMV,Acción,,ACTIVA
GAPI21-3D,GAPI21-3D.MX,NO,,"CIBANCO,S.A. INSTITUCION DE BANCA MULTIPLE",BMV,Acción,,ACTIVA
GAPI18-D,GAPI18-D.MX,NO,,"CIBANCO,S.A. INSTITUCION DE BANCA MULTIPLE",BMV,Acción,MX1RGA050016,ACTIVA
GAPI18-2D,GAPI18-2D.MX,NO,,"CIBANCO,S.A. INSTITUCION DE BANCA MULTIPLE",BMV,Acción,MX1RGA050008,ACTIVA
GAPI21-2D,GAPI21-2D.MX,NO,,"CIBANCO,S.A. INSTITUCION DE BANCA MULTIPLE",BMV,Acción,,ACTIVA
GAVA,GAVA.MX,SI,179.0,"ACOSTA VERDE, S.A.B. DE C.V.",BMV,Acción,MX01GA060008,ACTIVA
GAVACK17,GAVACK17.MX,SI,3.25,"CIBANCO,S.A. INSTITUCION DE BANCA MULTIPLE",BMV,Acción,MX1RGA040009,ACTIVA
GBMO,GBMO.MX,SI,16.4,"CORPORATIVO GBM, S.A.B. DE C. V.",BMV,Acción,MX01GB0D0001,ACTIVA
GBMESCK16,GBMESCK16.MX,NO,,"CIBANCO,S.A. INSTITUCION DE BANCA MULTIPLE",BMV,Acción,MX1RGB1N0001,ACTIVA
GBMICK12,GBMICK12.MX,NO,,"CIBANCO,S.A. INSTITUCION DE BANCA MULTIPLE",BMV,Acción,MX1RGB130007,ACTIVA
GCARSOA1,GCARSOA1.MX,SI,134.93,"GRUPO CARSO, S.A.B. DE C.V.",BMV,Acción,MXP461181085,ACTIVA
GCC*,GCC.MX,SI,200.63,"GCC, S.A.B. DE C.V.",BMV,Acción,MX01GC2M0006,ACTIVA
GDISPI18,GDISPI18.MX,NO,,"CIBANCO, S.A., INSTITUCIÓN DE BANCA MÚLTIPLE",BIVA,Acción,MX1RGD090001,ACTIVA
GENTERA*,GENTERA.MX,SI,49.99,"GENTERA, S.A.B. DE C.V.",BMV,Acción,MX01GE0E0004,ACTIVA
GFINBURO,GFINBURO.MX,SI,43.86,"GRUPO FINANCIERO INBURSA, S.A.B. DE C.V.",BMV,Acción,MXP370641013,ACTIVA
GFMULTIO,GFMULTIO.MX,SI,7.5,GRUPO FINANCIERO MULTIVA S.A.B. DE C.V.,BMV,Acción,MXP6990U1056,ACTIVA
GFNORTEO,GFNORTEO.MX,SI,195.83,"GRUPO FINANCIERO BANORTE, S.A.B DE C.V.",BMV,Acción,MXP370711014,ACTIVA
GICSAB,GICSAB.MX,SI,2.99,"GRUPO GICSA, S.A.B. DE C.V.",BMV,Acción,MX01GI020004,ACTIVA
GIGANTE*,GIGANTE.MX,SI,31.5,"GRUPO GIGANTE, S.A.B. DE C.V.",BMV,Acción,MXP370791214,ACTIVA
GISSAA,GISSAA.MX,SI,12.99,"GRUPO INDUSTRIAL SALTILLO, S.A.B. DE C.V.",BMV,Acción,MX01GI000030,ACTIVA
GLOB1PI22-9,GLOB1PI22-9.MX,NO,,"CIBANCO, S.A., INSTITUCIÓN DE BANCA MÚLTIPLE",BIVA,Acción,MX1RGL030080,ACTIVA
GLOB1PI22-8,GLOB1PI22-8.MX,NO,,"CIBANCO, S.A., INSTITUCIÓN DE BANCA MÚLTIPLE",BIVA,Acción,MX1RGL030072,ACTIVA
GLOB1PI22-7,GLOB1PI22-7.MX,NO,,"CIBANCO, S.A., INSTITUCIÓN DE BANCA MÚLTIPLE",BIVA,Acción,MX1RGL030064,ACTIVA
GLOB1PI22-6,GLOB1PI22-6.MX,NO,,"CIBANCO, S.A., INSTITUCIÓN DE BANCA MÚLTIPLE",BIVA,Acción,MX1RGL030056,ACTIVA
GLOB1PI22-13,GLOB1PI22-13.MX,NO,,"CIBANCO, S.A., INSTITUCIÓN DE BANCA MÚLTIPLE",BIVA,Acción,MX1RGL0300C7,ACTIVA
GLOB1PI22-5,GLOB1PI22-5.MX,NO,,"CIBANCO, S.A., INSTITUCIÓN DE BANCA MÚLTIPLE",BIVA,Acción,MX1RGL030049,ACTIVA
GLOB1PI22-4,GLOB1PI22-4.MX,NO,,"CIBANCO, S.A., INSTITUCIÓN DE BANCA MÚLTIPLE",BIVA,Acción,MX1RGL030031,ACTIVA
GLOB1PI22-3,GLOB1PI22-3.MX,NO,,"CIBANCO, S.A., INSTITUCIÓN DE BANCA MÚLTIPLE",BIVA,Acción,MX1RGL030023,ACTIVA
GLOB1PI22-16,GLOB1PI22-16.MX,NO,,"CIBANCO, S.A., INSTITUCIÓN DE BANCA MÚLTIPLE",BIVA,Acción,MX1RGL0300F0,ACTIVA
GLOB1PI22-15,GLOB1PI22-15.MX,NO,,"CIBANCO, S.A., INSTITUCIÓN DE BANCA MÚLTIPLE",BIVA,Acción,MX1RGL0300E3,ACTIVA
GLOB1PI22-14,GLOB1PI22-14.MX,NO,,"CIBANCO, S.A., INSTITUCIÓN DE BANCA MÚLTIPLE",BIVA,Acción,MX1RGL0300D5,ACTIVA
GLOB1PI22-12,GLOB1PI22-12.MX,NO,,"CIBANCO, S.A., INSTITUCIÓN DE BANCA MÚLTIPLE",BIVA,Acción,MX1RGL0300B9,ACTIVA
GLOB1PI22-11,GLOB1PI22-11.MX,NO,,"CIBANCO, S.A., INSTITUCIÓN DE BANCA MÚLTIPLE",BIVA,Acción,MX1RGL0300A1,ACTIVA
GLOB1PI22-10,GLOB1PI22-10.MX,NO,,"CIBANCO, S.A., INSTITUCIÓN DE BANCA MÚLTIPLE",BIVA,Acción,MX1RGL030098,ACTIVA
GLOB1PI22,GLOB1PI22.MX,NO,,"CIBANCO, S.A., INSTITUCIÓN DE BANCA MÚLTIPLE",BIVA,Acción,MX1RGL030007,ACTIVA
GLOB1PI22-2,GLOB1PI22-2.MX,NO,,"CIBANCO, S.A., INSTITUCIÓN DE BANCA MÚLTIPLE",BIVA,Acción,MX1RGL030015,ACTIVA
GLOBCA,GLOBCA.MX,SI,23.85,"TENEDORA DE ACCIONES CM, S.A.P.I.B. DE C.V.",BIVA,Acción,MX1SGL050004,ACTIVA
GMD*,GMD.MX,SI,7.0,"GRUPO MEXICANO DE DESARROLLO, S.A.B.",BMV,Acción,MX01GM080002,ACTIVA
GMEXICOB,GMEXICOB.MX,SI,218.26,"GRUPO MEXICO, S.A.B. DE C.V.",BMV,Acción,MXP370841019,ACTIVA
GNP*,GNP.MX,SI,117.5,"GRUPO NACIONAL PROVINCIAL, S.A.B.",BMV,Acción,MXP4960P1070,ACTIVA
GPH1,GPH1.MX,SI,42.0,"GRUPO PALACIO DE HIERRO, S.A.B. DE C.V.",BMV,Acción,MXP496851033,ACTIVA
GPI23,GPI23.MX,NO,,"BANCO ACTINVER, S.A. INSTITUCIÓN DE BANCA MÚLTIPLE, GRUPO FINANCIERO ACTINVER",BIVA,Acción,MX1RGP040002,ACTIVA
GPI23-2,GPI23-2.MX,NO,,"BANCO ACTINVER, S.A. INSTITUCIÓN DE BANCA MÚLTIPLE, GRUPO FINANCIERO ACTINVER",BIVA,Acción,MX1RGP040010,ACTIVA
GPROFUT*,GPROFUT.MX,SI,120.0,"GRUPO PROFUTURO, S.A.B. DE C.V.",BMV,Acción,MX01GP010006,ACTIVA
GRANDCK18,GRANDCK18.MX,NO,,"BANCO INVEX, S.A., INSTITUCION DE BANCA MULTIPLE, INVEX GRUPO FINANCIERO",BMV,Acción,MX1RGR050009,ACTIVA
GRUMAB,GRUMAB.MX,SI,310.52,"GRUMA, S.A.B. DE C.V.",BMV,Acción,MXP4948K1056,ACTIVA
HCITY*,HCITY.MX,SI,6.43,"HOTELES CITY EXPRESS, S.A.B. DE C.V.",BMV,Acción,MX01HC000001,ACTIVA
HERDEZ*,HERDEZ.MX,SI,85.95,"GRUPO HERDEZ, S.A.B. DE C.V.",BMV,Acción,MX01HE010008,ACTIVA
HOTEL*,HOTEL.MX,SI,4.05,"GRUPO HOTELERO SANTA FE, S.A.B. DE C.V.",BMV,Acción,MX01HO090008,ACTIVA
HV2PI19D,HV2PI19D.MX,NO,,"CIBANCO,S.A. INSTITUCION DE BANCA MULTIPLE",BMV,Acción,MX1RHV000007,ACTIVA
HV2PI20D,HV2PI20D.MX,NO,,"CIBANCO,S.A. INSTITUCION DE BANCA MULTIPLE",BMV,Acción,,ACTIVA
ICHB,ICHB.MX,SI,173.1,"INDUSTRIAS CH, S.A.B. DE C.V.",BMV,Acción,MXP524131127,ACTIVA
ICUA2CK14,ICUA2CK14.MX,NO,,"BANCO NACIONAL DE MÉXICO, S.A.,  INTEGRANTE DEL GRUPO FINANCIERO BANAMEX",BMV,Acción,MX1RIC0P0004,ACTIVA
ICUADCK10,ICUADCK10.MX,NO,,"CIBANCO,S.A. INSTITUCION DE BANCA MULTIPLE",BMV,Acción,MX1RIC0K0009,ACTIVA
IDEALB-1,IDEALB-1.MX,SI,43.0,"IMPULSORA DEL DESARROLLO Y EL EMPLEO EN AMERICA LATINA, S.A.B. DE C.V.",BMV,Acción,MX01ID000009,ACTIVA
IGNIAPI15,IGNIAPI15.MX,NO,,"BANCO MULTIVA S.A., INSTITUCIÓN DE BANCA MÚLTIPLE, GRUPO FINANCIERO MULTIVA",BMV,Acción,,ACTIVA
IGNIAPI22,IGNIAPI22.MX,NO,,"BANCO MULTIVA S.A., INSTITUCIÓN DE BANCA MÚLTIPLE, GRUPO FINANCIERO MULTIVA",BMV,Acción,,ACTIVA
IGS3CK17,IGS3CK17.MX,NO,,"BANCO INVEX, S.A., INSTITUCION DE BANCA MULTIPLE, INVEX GRUPO FINANCIERO",BMV,Acción,MX1RIG070008,ACTIVA
IGSCK11-2,IGSCK11-2.MX,NO,,"HSBC MEXICO, S.A., INSTITUCION DE BANCA MULTIPLE, GRUPO FINANCIERO HSBC",BMV,Acción,MX1RIG050000,ACTIVA
INDCK18,INDCK18.MX,NO,,"CIBANCO, S.A., INSTITUCIÓN DE BANCA MÚLTIPLE",BIVA,Acción,MX1RIN3A0005,ACTIVA
INFRACK21,INFRACK21.MX,NO,,"BANCO INVEX, S.A., INSTITUCION DE BANCA MULTIPLE, INVEX GRUPO FINANCIERO",BMV,Acción,,ACTIVA
INFRACK18,INFRACK18.MX,NO,,"BANCO INVEX, S.A., INSTITUCION DE BANCA MULTIPLE, INVEX GRUPO FINANCIERO",BMV,Acción,MX1RIN310033,ACTIVA
INFRACK16,INFRACK16.MX,NO,,"BANCO INVEX, S.A., INSTITUCION DE BANCA MULTIPLE, INVEX GRUPO FINANCIERO",BMV,Acción,MX1RIN310017,ACTIVA
INFRACK15,INFRACK15.MX,NO,,"BANCO INVEX, S.A., INSTITUCION DE BANCA MULTIPLE, INVEX GRUPO FINANCIERO",BMV,Acción,MX1RIN310009,ACTIVA
INFRACK17,INFRACK17.MX,NO,,"BANCO INVEX, S.A., INSTITUCION DE BANCA MULTIPLE, INVEX GRUPO FINANCIERO",BMV,Acción,MX1RIN310025,ACTIVA
INMOBCK18,INMOBCK18.MX,NO,,"BANCO INVEX, S.A., INSTITUCION DE BANCA MULTIPLE, INVEX GRUPO FINANCIERO",BMV,Acción,MX1RIN390001,ACTIVA
INVEXA,INVEXA.MX,SI,98.0,"INVEX CONTROLADORA, S.A.B. DE C.V.",BMV,Acción,MX01IN4J0002,ACTIVA
KANANPI22-B2,KANANPI22-B2.MX,NO,,"CIBANCO, S.A., INSTITUCIÓN DE BANCA MÚLTIPLE",BIVA,Acción,MX1RKA000031,ACTIVA
KANANPI22-B,KANANPI22-B.MX,NO,,"CIBANCO, S.A., INSTITUCIÓN DE BANCA MÚLTIPLE",BIVA,Acción,MX1RKA000023,ACTIVA
KANANPI22-A2,KANANPI22-A2.MX,NO,,"CIBANCO, S.A., INSTITUCIÓN DE BANCA MÚLTIPLE",BIVA,Acción,MX1RKA000015,ACTIVA
KANANPI22-A,KANANPI22-A.MX,NO,,"CIBANCO, S.A., INSTITUCIÓN DE BANCA MÚLTIPLE",BIVA,Acción,MX1RKA000007,ACTIVA
KIMBERA,KIMBERA.MX,SI,43.19,KIMBERLY - CLARK DE MEXICO S.A.B. DE C.V.,BMV,Acción,MXP606941179,ACTIVA
KIMBERB,KIMBERB.MX,SI,36.89,KIMBERLY - CLARK DE MEXICO S.A.B. DE C.V.,BMV,Acción,MXP606941096,ACTIVA
KKRPI18-2D,KKRPI18-2D.MX,NO,,"CIBANCO,S.A. INSTITUCION DE BANCA MULTIPLE",BMV,Acción,MX1RKK010020,ACTIVA
KKRPI18D,KKRPI18D.MX,NO,,"CIBANCO,S.A. INSTITUCION DE BANCA MULTIPLE",BMV,Acción,MX1RKK010038,ACTIVA
KKRPI24D,KKRPI24D.MX,NO,,"CIBANCO,S.A. INSTITUCION DE BANCA MULTIPLE",BMV,Acción,,ACTIVA
KOFUBL,KOFUBL.MX,SI,191.51,"COCA-COLA FEMSA, S.A.B. DE C.V.",BMV,Acción,MX01KO000002,ACTIVA
KUOB,KUOB.MX,SI,60.0,"GRUPO KUO, S.A.B. DE C.V.",BMV,Acción,MX01KU000012,ACTIVA
KUOA,KUOA.MX,SI,62.3,"GRUPO KUO, S.A.B. DE C.V.",BMV,Acción,MX01KU000004,ACTIVA
LABB,LABB.MX,SI,18.28,"GENOMMA LAB INTERNACIONAL, S.A.B. DE C.V.",BMV,Acción,MX01LA010006,ACTIVA
LACOMERUBC,LACOMERUBC.MX,SI,38.96,LA COMER S.A.B. DE C.V.,BMV,Acción,MX01LA050010,ACTIVA
LAMOSA*,LAMOSA.MX,SI,100.0,"GRUPO LAMOSA, S.A.B. DE C.V.",BMV,Acción,MX01LA000007,ACTIVA
LASEG*,LASEG.MX,NO,,"LA LATINOAMERICANA SEGUROS, S.A.",BMV,Acción,MXP6171Q1053,ACTIVA
LASITE*,LASITE.MX,SI,5.74,"SITIOS LATINOAMÉRICA, S.A.B. DE C.V.",BMV,Acción,MX01LA080025,ACTIVA
LATINCK12,LATINCK12.MX,NO,,"BANCO NACIONAL DE MÉXICO, S.A., INTEGRANTE DEL GRUPO FINANCIERO BANAMEX",BIVA,Acción,MX1RLA030003,ACTIVA
LEX3PI19,LEX3PI19.MX,NO,,"CIBANCO, S.A., INSTITUCIÓN DE BANCA MÚLTIPLE",BIVA,Acción,MX1RLE040008,ACTIVA
LEXPI18D,LEXPI18D.MX,NO,,"CIBANCO,S.A. INSTITUCION DE BANCA MULTIPLE",BMV,Acción,MX1RLE030009,ACTIVA
LEXPI22-2D,LEXPI22-2D.MX,NO,,"CIBANCO,S.A. INSTITUCION DE BANCA MULTIPLE",BMV,Acción,,ACTIVA
LEXPI22D,LEXPI22D.MX,NO,,"CIBANCO,S.A. INSTITUCION DE BANCA MULTIPLE",BMV,Acción,,ACTIVA
LIVCK18,LIVCK18.MX,NO,,"BANCO INVEX, S.A., INSTITUCION DE BANCA MULTIPLE, INVEX GRUPO FINANCIERO",BIVA,Acción,MX1RLI0A0010,ACTIVA
LIVCK15,LIVCK15.MX,NO,,"BANCO INVEX, S.A., INSTITUCION DE BANCA MULTIPLE, INVEX GRUPO FINANCIERO",BIVA,Acción,MX1RLI0A0002,ACTIVA
LIVEPOL1,LIVEPOL1.MX,SI,107.9,"EL PUERTO DE LIVERPOOL, S.A.B. DE C.V.",BMV,Acción,MXP369181112,ACTIVA
LIVEPOLC-1,LIVEPOLC-1.MX,SI,107.68,"EL PUERTO DE LIVERPOOL, S.A.B. DE C.V.",BMV,Acción,MXP369181377,ACTIVA
LOCK3PI21,LOCK3PI21.MX,NO,,"CIBANCO, S.A., INSTITUCIÓN DE BANCA MÚLTIPLE",BIVA,Acción,MX1RLO060004,ACTIVA
LOCK3PI21-2,LOCK3PI21-2.MX,NO,,"CIBANCO, S.A., INSTITUCIÓN DE BANCA MÚLTIPLE",BIVA,Acción,MX1RLO060012,ACTIVA
LOCKXPI23-7,LOCKXPI23-7.MX,NO,,"CIBANCO,S.A. INSTITUCION DE BANCA MULTIPLE",BMV,Acción,,ACTIVA
LOCKXPI24,LOCKXPI24.MX,NO,,"CIBANCO,S.A. INSTITUCION DE BANCA MULTIPLE",BMV,Acción,,ACTIVA
LOCKXPI24-2,LOCKXPI24-2.MX,NO,,"CIBANCO,S.A. INSTITUCION DE BANCA MULTIPLE",BMV,Acción,,ACTIVA
LOCKXPI24-3,LOCKXPI24-3.MX,NO,,"CIBANCO,S.A. INSTITUCION DE BANCA MULTIPLE",BMV,Acción,,ACTIVA
LOCKXPI24-4,LOCKXPI24-4.MX,NO,,"CIBANCO,S.A. INSTITUCION DE BANCA MULTIPLE",BMV,Acción,,ACTIVA
LOCKXPI24-5,LOCKXPI24-5.MX,NO,,"CIBANCO,S.A. INSTITUCION DE BANCA MULTIPLE",BMV,Acción,,ACTIVA
LOCKXPI25,LOCKXPI25.MX,NO,,"BANCO INVEX, S.A., INSTITUCION DE BANCA MULTIPLE, INVEX GRUPO FINANCIERO",BMV,Acción,,ACTIVA
LOCKXPI25-2,LOCKXPI25-2.MX,NO,,"BANCO INVEX, S.A., INSTITUCION DE BANCA MULTIPLE, INVEX GRUPO FINANCIERO",BMV,Acción,,ACTIVA
LOCKXPI25-3,LOCKXPI25-3.MX,NO,,"BANCO INVEX, S.A., INSTITUCION DE BANCA MULTIPLE, INVEX GRUPO FINANCIERO",BMV,Acción,,ACTIVA
LOCKXPI22-2,LOCKXPI22-2.MX,NO,,"CIBANCO,S.A. INSTITUCION DE BANCA MULTIPLE",BMV,Acción,,ACTIVA
LOCKXPI25-4,LOCKXPI25-4.MX,NO,,"BANCO INVEX, S.A., INSTITUCION DE BANCA MULTIPLE, INVEX GRUPO FINANCIERO",BMV,Acción,,ACTIVA
LOCKXPI23-6,LOCKXPI23-6.MX,NO,,"CIBANCO,S.A. INSTITUCION DE BANCA MULTIPLE",BMV,Acción,,ACTIVA
LOCKXPI23-5,LOCKXPI23-5.MX,NO,,"CIBANCO,S.A. INSTITUCION DE BANCA MULTIPLE",BMV,Acción,,ACTIVA
LOCKXPI23-4,LOCKXPI23-4.MX,NO,,"CIBANCO,S.A. INSTITUCION DE BANCA MULTIPLE",BMV,Acción,,ACTIVA
LOCKXPI23-3,LOCKXPI23-3.MX,NO,,"CIBANCO,S.A. INSTITUCION DE BANCA MULTIPLE",BMV,Acción,,ACTIVA
LOCKXPI23-2,LOCKXPI23-2.MX,NO,,"CIBANCO,S.A. INSTITUCION DE BANCA MULTIPLE",BMV,Acción,,ACTIVA
LOCKXPI23,LOCKXPI23.MX,NO,,"CIBANCO,S.A. INSTITUCION DE BANCA MULTIPLE",BMV,Acción,,ACTIVA
LOCKXPI22-6,LOCKXPI22-6.MX,NO,,"CIBANCO,S.A. INSTITUCION DE BANCA MULTIPLE",BMV,Acción,,ACTIVA
LOCKXPI22-5,LOCKXPI22-5.MX,NO,,"CIBANCO,S.A. INSTITUCION DE BANCA MULTIPLE",BMV,Acción,,ACTIVA
LOCKXPI22-4,LOCKXPI22-4.MX,NO,,"CIBANCO,S.A. INSTITUCION DE BANCA MULTIPLE",BMV,Acción,,ACTIVA
LOCKXPI22-3,LOCKXPI22-3.MX,NO,,"CIBANCO,S.A. INSTITUCION DE BANCA MULTIPLE",BMV,Acción,,ACTIVA
LOCKXPI22,LOCKXPI22.MX,NO,,"CIBANCO,S.A. INSTITUCION DE BANCA MULTIPLE",BMV,Acción,,ACTIVA
MEDICAB,MEDICAB.MX,SI,62.0,"MEDICA SUR, S.A.B. DE C.V.",BMV,Acción,MXP510121215,ACTIVA
MEGACPO,MEGACPO.MX,SI,66.79,"MEGACABLE HOLDINGS, S.A.B. DE C.V.",BMV,Acción,MX01ME090003,ACTIVA
MEXCAPA2,MEXCAPA2.MX,NO,,"MEXCAP, S.A. DE C.V. SINCA",BMV,Acción,,ACTIVA
MEXCAPA1,MEXCAPA1.MX,NO,,"MEXCAP, S.A. DE C.V. SINCA",BMV,Acción,,ACTIVA
MEXCAPB2,MEXCAPB2.MX,NO,,"MEXCAP, S.A. DE C.V. SINCA",BMV,Acción,,ACTIVA
MEXCAPB1,MEXCAPB1.MX,NO,,"MEXCAP, S.A. DE C.V. SINCA",BMV,Acción,,ACTIVA
MEXPLUSA1,MEXPLUSA1.MX,NO,,"MEXPLUS, S.A. DE C.V. SINCA",BMV,Acción,,ACTIVA
MEXPLUSA2,MEXPLUSA2.MX,NO,,"MEXPLUS, S.A. DE C.V. SINCA",BMV,Acción,,ACTIVA
MEXPLUSB,MEXPLUSB.MX,NO,,"MEXPLUS, S.A. DE C.V. SINCA",BMV,Acción,,ACTIVA
MFRISCOA-1,MFRISCOA-1.MX,SI,13.5,"MINERA FRISCO, S.A.B. DE C.V.",BMV,Acción,MX01MF010000,ACTIVA
MINSAB,MINSAB.MX,SI,10.1,"GRUPO MINSA, S.A.B. DE C.V.",BMV,Acción,MXP510501119,ACTIVA
MIRAPI16,MIRAPI16.MX,NO,,"CIBANCO,S.A. INSTITUCION DE BANCA MULTIPLE",BMV,Acción,MX1RMI0C0008,ACTIVA
MOTAPI18,MOTAPI18.MX,NO,,"CIBANCO,S.A. INSTITUCION DE BANCA MULTIPLE",BMV,Acción,,ACTIVA
MRP2CK16,MRP2CK16.MX,NO,,"CIBANCO,S.A. INSTITUCION DE BANCA MULTIPLE",BMV,Acción,MX1RMR010005,ACTIVA
MRPCK12,MRPCK12.MX,NO,,"CIBANCO,S.A. INSTITUCION DE BANCA MULTIPLE",BMV,Acción,MX1RMR000006,ACTIVA
MVPV23,MVPV23.MX,SI,3136.0,"CIBANCO, S.A., INSTITUCIÓN DE BANCA MÚLTIPLE",BIVA,Acción,MX1RMV0G0007,ACTIVA
NEMAKA,NEMAKA.MX,SI,3.24,"NEMAK, S.A.B. DE C.V.",BMV,Acción,MX01NE000001,ACTIVA
NEXX25,NEXX25.MX,NO,,"BANCO INVEX, S.A., INSTITUCION DE BANCA MULTIPLE, INVEX GRUPO FINANCIERO",BIVA,Acción,MX1RNE050005,ACTIVA
NEXX25-2,NEXX25-2.MX,NO,,"BANCO INVEX, S.A., INSTITUCION DE BANCA MULTIPLE, INVEX GRUPO FINANCIERO",BIVA,Acción,MX1RNE050013,ACTIVA
NEXX6CK13,NEXX6CK13.MX,NO,,"BANCO NACIONAL DE MÉXICO, S.A., INTEGRANTE DEL GRUPO FINANCIERO BANAMEX",BIVA,Acción,MX1RNE020008,ACTIVA
NGCFICK15,NGCFICK15.MX,NO,,"BANCO INVEX, S.A., INSTITUCION DE BANCA MULTIPLE, INVEX GRUPO FINANCIERO",BMV,Acción,MX1RNG000008,ACTIVA
NGPE2CK17,NGPE2CK17.MX,NO,,"CIBANCO,S.A. INSTITUCION DE BANCA MULTIPLE",BMV,Acción,MX1RNG010007,ACTIVA
NIKEPI25-2,NIKEPI25-2.MX,NO,,"BANCO INVEX, S.A., INSTITUCION DE BANCA MULTIPLE, INVEX GRUPO FINANCIERO",BMV,Acción,,ACTIVA
NIKEPI25-8,NIKEPI25-8.MX,NO,,"BANCO INVEX, S.A., INSTITUCION DE BANCA MULTIPLE, INVEX GRUPO FINANCIERO",BMV,Acción,,ACTIVA
NIKEPI25-7,NIKEPI25-7.MX,NO,,"BANCO INVEX, S.A., INSTITUCION DE BANCA MULTIPLE, INVEX GRUPO FINANCIERO",BMV,Acción,,ACTIVA
NIKEPI25-6,NIKEPI25-6.MX,NO,,"BANCO INVEX, S.A., INSTITUCION DE BANCA MULTIPLE, INVEX GRUPO FINANCIERO",BMV,Acción,,ACTIVA
NIKEPI25-5,NIKEPI25-5.MX,NO,,"BANCO INVEX, S.A., INSTITUCION DE BANCA MULTIPLE, INVEX GRUPO FINANCIERO",BMV,Acción,,ACTIVA
NIKEPI25-4,NIKEPI25-4.MX,NO,,"BANCO INVEX, S.A., INSTITUCION DE BANCA MULTIPLE, INVEX GRUPO FINANCIERO",BMV,Acción,,ACTIVA
NIKEPI25-3,NIKEPI25-3.MX,NO,,"BANCO INVEX, S.A., INSTITUCION DE BANCA MULTIPLE, INVEX GRUPO FINANCIERO",BMV,Acción,,ACTIVA
NIKEPI25,NIKEPI25.MX,NO,,"BANCO INVEX, S.A., INSTITUCION DE BANCA MULTIPLE, INVEX GRUPO FINANCIERO",BMV,Acción,,ACTIVA
NIKEPI18,NIKEPI18.MX,NO,,"BANCO INVEX, S.A., INSTITUCION DE BANCA MULTIPLE, INVEX GRUPO FINANCIERO",BMV,Acción,MX1RAA0D0009,ACTIVA
NUTRISAA,NUTRISAA.MX,SI,4.17,"GRUPO NUTRISA, S.A.B. DE C.V.",BMV,Acción,MX01NU070004,ACTIVA
NXXMFCK18,NXXMFCK18.MX,NO,,"BANCO NACIONAL DE MÉXICO, S.A., INTEGRANTE DEL GRUPO FINANCIERO BANAMEX",BIVA,Acción,MX1RNX000007,ACTIVA
OAKPI21D,OAKPI21D.MX,NO,,"CIBANCO,S.A. INSTITUCION DE BANCA MULTIPLE",BMV,Acción,,ACTIVA
ODOCK18,ODOCK18.MX,NO,,"CIBANCO,S.A. INSTITUCION DE BANCA MULTIPLE",BMV,Acción,MX1ROD010009,ACTIVA
OMAB,OMAB.MX,SI,263.16,"GRUPO AEROPORTUARIO DEL CENTRO NORTE, S.A.B. DE C.V.",BMV,Acción,MX01OM000018,ACTIVA
ORBIA*,ORBIA.MX,SI,20.32,"ORBIA ADVANCE CORPORATION, S.A.B. DE C.V.",BMV,Acción,MX01OR010004,ACTIVA
PASAB,PASAB.MX,SI,38.75,"PROMOTORA AMBIENTAL, S.A.B. DE C.V.",BMV,Acción,MX01PA0B0006,ACTIVA
PBFF1CK12,PBFF1CK12.MX,NO,,"BANCO NACIONAL DE MÉXICO, S.A.,  INTEGRANTE DEL GRUPO FINANCIERO BANAMEX",BMV,Acción,MX1RPB030008,ACTIVA
PENOLES*,PENOLES.MX,NO,,"INDUSTRIAS PEÑOLES, S. A.B. DE C. V.",BMV,Acción,MXP554091415,ACTIVA
PGGVPI18D,PGGVPI18D.MX,NO,,"CIBANCO,S.A. INSTITUCION DE BANCA MULTIPLE",BMV,Acción,MX1RPG000006,ACTIVA
PGGVPI21D,PGGVPI21D.MX,NO,,"CIBANCO,S.A. INSTITUCION DE BANCA MULTIPLE",BMV,Acción,,ACTIVA
PINFRAL,PINFRAL.MX,SI,200.55,"PROMOTORA Y OPERADORA DE INFRAESTRUCTURA, S.A.B. DE C.V.",BMV,Acción,MX01PI000013,ACTIVA
PINFRA*,PINFRA.MX,SI,283.71,"PROMOTORA Y OPERADORA DE INFRAESTRUCTURA, S.A.B. DE C.V.",BMV,Acción,MX01PI000005,ACTIVA
PLA2CK17,PLA2CK17.MX,NO,,"CIBANCO,S.A. INSTITUCION DE BANCA MULTIPLE",BMV,Acción,MX1RPL0Q0009,ACTIVA
PLA3CK22,PLA3CK22.MX,NO,,"CIBANCO, S.A., INSTITUCIÓN DE BANCA MÚLTIPLE",BIVA,Acción,MX1RPL100007,ACTIVA
PLANI*,PLANI.MX,SI,14.2,"PLANIGRUPO LATAM, S.A.B. DE C.V.",BMV,Acción,MX01PL0P0007,ACTIVA
PLANICK12,PLANICK12.MX,NO,,"BANCO INVEX, S.A., INSTITUCION DE BANCA MULTIPLE, INVEX GRUPO FINANCIERO",BMV,Acción,MX1RPL040005,ACTIVA
PMCAPCK14,PMCAPCK14.MX,NO,,"BANCO INVEX, S.A., INSTITUCION DE BANCA MULTIPLE, INVEX GRUPO FINANCIERO",BMV,Acción,MX1RPM050003,ACTIVA
PMCAPCK20,PMCAPCK20.MX,NO,,"BANCO INVEX, S.A., INSTITUCION DE BANCA MULTIPLE, INVEX GRUPO FINANCIERO",BMV,Acción,,ACTIVA
PMCPCC25-2D,PMCPCC25-2D.MX,NO,,"BANCO ACTINVER, S.A. INSTITUCION DE BANCA MULTIPLE, GRUPO FINANCIERO ACTINVER",BMV,Acción,,ACTIVA
PMCPCC25D,PMCPCC25D.MX,NO,,"BANCO ACTINVER, S.A. INSTITUCION DE BANCA MULTIPLE, GRUPO FINANCIERO ACTINVER",BMV,Acción,,ACTIVA
POCHTECB,POCHTECB.MX,SI,6.25,"GRUPO POCHTECA, S.A.B. DE C.V.",BMV,Acción,MX01PO020005,ACTIVA
POSADASA,POSADASA.MX,SI,28.16,"GRUPO POSADAS, S.A.B. DE C.V.",BMV,Acción,MXP791641105,ACTIVA
PRCERPI21D,PRCERPI21D.MX,NO,,"CIBANCO,S.A. INSTITUCION DE BANCA MULTIPLE",BMV,Acción,,ACTIVA
PRCERPI23D,PRCERPI23D.MX,NO,,"CIBANCO,S.A. INSTITUCION DE BANCA MULTIPLE",BMV,Acción,,ACTIVA
PRCERPI26,PRCERPI26.MX,NO,,"BANCO ACTINVER, S.A. INSTITUCION DE BANCA MULTIPLE, GRUPO FINANCIERO ACTINVER",BMV,Acción,,ACTIVA
PROCORPB,PROCORPB.MX,SI,5.55,"PROCORP, S.A.B. DE C.V.",BMV,Acción,MXP791441043,ACTIVA
PV*,PV.MX,SI,8.4,PEÑA VERDE S.A.B.,BMV,Acción,MX01PV000008,ACTIVA
Q*,Q.MX,SI,168.0,"QUÁLITAS CONTROLADORA, S.A.B. DE C.V.",BMV,Acción,MX01Q0000008,ACTIVA
QTZALPI24,QTZALPI24.MX,NO,,"CIBANCO,S.A. INSTITUCION DE BANCA MULTIPLE",BMV,Acción,,ACTIVA
QTZALPI23-9,QTZALPI23-9.MX,NO,,"CIBANCO,S.A. INSTITUCION DE BANCA MULTIPLE",BMV,Acción,,ACTIVA
QTZALPI23-8,QTZALPI23-8.MX,NO,,"CIBANCO,S.A. INSTITUCION DE BANCA MULTIPLE",BMV,Acción,,ACTIVA
QTZALPI23-7,QTZALPI23-7.MX,NO,,"CIBANCO,S.A. INSTITUCION DE BANCA MULTIPLE",BMV,Acción,,ACTIVA
QTZALPI23-6,QTZALPI23-6.MX,NO,,"CIBANCO,S.A. INSTITUCION DE BANCA MULTIPLE",BMV,Acción,,ACTIVA
QTZALPI23-5,QTZALPI23-5.MX,NO,,"CIBANCO,S.A. INSTITUCION DE BANCA MULTIPLE",BMV,Acción,,ACTIVA
QTZALPI23-4,QTZALPI23-4.MX,NO,,"CIBANCO,S.A. INSTITUCION DE BANCA MULTIPLE",BMV,Acción,,ACTIVA
QTZALPI23-2,QTZALPI23-2.MX,NO,,"CIBANCO,S.A. INSTITUCION DE BANCA MULTIPLE",BMV,Acción,,ACTIVA
QTZALPI23-3,QTZALPI23-3.MX,NO,,"CIBANCO,S.A. INSTITUCION DE BANCA MULTIPLE",BMV,Acción,,ACTIVA
QTZALPI18,QTZALPI18.MX,NO,,"CIBANCO,S.A. INSTITUCION DE BANCA MULTIPLE",BMV,Acción,,ACTIVA
QTZALPI23,QTZALPI23.MX,NO,,"CIBANCO,S.A. INSTITUCION DE BANCA MULTIPLE",BMV,Acción,,ACTIVA
QTZALPI23-10,QTZALPI23-10.MX,NO,,"CIBANCO,S.A. INSTITUCION DE BANCA MULTIPLE",BMV,Acción,,ACTIVA
QTZALPI23-12,QTZALPI23-12.MX,NO,,"CIBANCO,S.A. INSTITUCION DE BANCA MULTIPLE",BMV,Acción,,ACTIVA
QTZALPI23-13,QTZALPI23-13.MX,NO,,"CIBANCO,S.A. INSTITUCION DE BANCA MULTIPLE",BMV,Acción,,ACTIVA
QTZALPI23-11,QTZALPI23-11.MX,NO,,"CIBANCO,S.A. INSTITUCION DE BANCA MULTIPLE",BMV,Acción,,ACTIVA
RA,RA.MX,SI,160.95,"REGIONAL, S.A.B. DE C.V.",BMV,Acción,MX01R0000006,ACTIVA
RCOCB09,RCOCB09.MX,NO,,"THE BANK OF NEW YORK MELLON, S.A., INSTITUCION DE BANCA MULTIPLE",BMV,Acción,MX1RRC010007,ACTIVA
RLHA,RLHA.MX,SI,16.5,"RLH PROPERTIES, S.A.B. DE C.V.",BMV,Acción,MX01RL000016,ACTIVA
RRGCK18,RRGCK18.MX,NO,,"CIBANCO,S.A. INSTITUCION DE BANCA MULTIPLE",BMV,Acción,MX1RRR000001,ACTIVA
RRGCK21,RRGCK21.MX,NO,,"CIBANCO,S.A. INSTITUCION DE BANCA MULTIPLE",BMV,Acción,,ACTIVA
RSRENCK17,RSRENCK17.MX,NO,,"BANCO NACIONAL DE MÉXICO, S.A.,  INTEGRANTE DEL GRUPO FINANCIERO BANAMEX",BMV,Acción,MX1RRS020008,ACTIVA
SCGCK16,SCGCK16.MX,NO,,"CIBANCO,S.A. INSTITUCION DE BANCA MULTIPLE",BMV,Acción,MX1RSC1V0004,ACTIVA
SIGMAFA,SIGMAFA.MX,SI,19.3,"ALFA, S.A.B. DE C.V.",BMV,Acción,MXP000511016,ACTIVA
SIMECB,SIMECB.MX,SI,172.31,"GRUPO SIMEC, S.A.B. DE C.V.",BMV,Acción,MXP4984U1083,ACTIVA
SIRENCK17,SIRENCK17.MX,NO,,"CIBANCO,S.A. INSTITUCION DE BANCA MULTIPLE",BMV,Acción,MX1RSI090002,ACTIVA
SITES1A-1,SITES1A-1.MX,SI,15.36,"OPERADORA DE SITES MEXICANOS, S.A.B. DE C.V.",BMV,Acción,MX01SI0C0002,ACTIVA
SORIANAB,SORIANAB.MX,SI,38.0,"ORGANIZACION SORIANA, S.A.B. DE C.V.",BMV,Acción,MXP8728U1671,ACTIVA
SPORTS,SPORTS.MX,SI,8.55,"GRUPO SPORTS WORLD, S.A.B. DE C.V.",BMV,Acción,MX01SP020001,ACTIVA
SRE*,SRE.MX,SI,1655.28,SEMPRA ENERGY,BMV,Acción,US8168511090,ACTIVA
STEPCC21,STEPCC21.MX,NO,,"BANCO MONEX, S.A., INSTITUCION DE BANCA MULTIPLE, MONEX GRUPO FINANCIERO ",BMV,Acción,,ACTIVA
STEPSCC24,STEPSCC24.MX,NO,,"BANCO MONEX, S.A., INSTITUCIÓN DE BANCA MÚLTIPLE, MONEX GRUPO FINANCIERO",BIVA,Acción,MX1RST2E0008,ACTIVA
SVPI20-8,SVPI20-8.MX,NO,,"CIBANCO, S.A., INSTITUCIÓN DE BANCA MÚLTIPLE",BIVA,Acción,MX1RSV040083,ACTIVA
SVPI20-7,SVPI20-7.MX,NO,,"CIBANCO, S.A., INSTITUCIÓN DE BANCA MÚLTIPLE",BIVA,Acción,MX1RSV040075,ACTIVA
SVPI20-6,SVPI20-6.MX,NO,,"CIBANCO, S.A., INSTITUCIÓN DE BANCA MÚLTIPLE",BIVA,Acción,MX1RSV040067,ACTIVA
SVPI20-5,SVPI20-5.MX,NO,,"CIBANCO, S.A., INSTITUCIÓN DE BANCA MÚLTIPLE",BIVA,Acción,MX1RSV040059,ACTIVA
SVPI20-3,SVPI20-3.MX,NO,,"CIBANCO, S.A., INSTITUCIÓN DE BANCA MÚLTIPLE",BIVA,Acción,MX1RSV040034,ACTIVA
SVPI20-4,SVPI20-4.MX,NO,,"CIBANCO, S.A., INSTITUCIÓN DE BANCA MÚLTIPLE",BIVA,Acción,MX1RSV040042,ACTIVA
SVPI19,SVPI19.MX,NO,,"CIBANCO, S.A., INSTITUCIÓN DE BANCA MÚLTIPLE",BIVA,Acción,MX1RSV040000,ACTIVA
SVPI20-2,SVPI20-2.MX,NO,,"CIBANCO, S.A., INSTITUCIÓN DE BANCA MÚLTIPLE",BIVA,Acción,MX1RSV040026,ACTIVA
SVPI20,SVPI20.MX,NO,,"CIBANCO, S.A., INSTITUCIÓN DE BANCA MÚLTIPLE",BIVA,Acción,MX1RSV040018,ACTIVA
TEAKCPO,TEAKCPO.MX,SI,0.138,"PROTEAK UNO, S.A.B. DE C.V.",BMV,Acción,MX01TE0A0001,ACTIVA
THERMCK17,THERMCK17.MX,NO,,"CIBANCO,S.A. INSTITUCION DE BANCA MULTIPLE",BMV,Acción,MX1RTH000001,ACTIVA
THERMCK19,THERMCK19.MX,NO,,"CIBANCO,S.A. INSTITUCION DE BANCA MULTIPLE",BMV,Acción,,ACTIVA
TLEVISACPO,TLEVISACPO.MX,SI,10.23,"GRUPO TELEVISA, S.A.B.",BMV,Acción,MXP4987V1378,ACTIVA
TMMA,TMMA.MX,SI,6.85,"GRUPO TMM, S.A.",BMV,Acción,MX01TM000005,ACTIVA
TRAXIONA,TRAXIONA.MX,SI,13.3,GRUPO TRAXIÓN S.A.B DE C.V.,BMV,Acción,MX01TR0H0006,ACTIVA
TS*,TS.MX,SI,365.0,TENARIS S.A.,BMV,Acción,LU2598331598,ACTIVA
TUCERPI21,TUCERPI21.MX,NO,,"CIBANCO, S.A., INSTITUCIÓN DE BANCA MÚLTIPLE",BIVA,Acción,MX1RTU070007,ACTIVA
TUCK18,TUCK18.MX,NO,,"CIBANCO,S.A. INSTITUCION DE BANCA MULTIPLE",BMV,Acción,MX1RTU050009,ACTIVA
VALUEGFO,VALUEGFO.MX,SI,67.99,"VALUE GRUPO FINANCIERO, S.A.B. DE C.V.",BMV,Acción,MXP800761019,ACTIVA
VASCONI*,VASCONI.MX,SI,0.739,GRUPO VASCONIA S.A.B.,BMV,Acción,MX01VA110002,ACTIVA
VESTA*,VESTA.MX,SI,63.26,"CORPORACIÓN INMOBILIARIA VESTA, S.A.B. DE C.V.",BMV,Acción,MX01VE0M0003,ACTIVA
VEXCK17,VEXCK17.MX,NO,,"CIBANCO,S.A. INSTITUCION DE BANCA MULTIPLE",BMV,Acción,MX1RVE0T0009,ACTIVA
VINTE*,VINTE.MX,SI,35.5,"VINTE VIVIENDAS INTEGRALES, S.A.B. DE C.V.",BMV,Acción,MX01VI050002,ACTIVA
VISTAA,VISTAA.MX,SI,1000.0,"VISTA OIL & GAS, S.A.B. DE C.V.",BMV,Acción,MX01VI0C0006,ACTIVA
VITROA,VITROA.MX,SI,5.8,"VITRO, S.A.B. DE C.V.",BMV,Acción,MXP9802B1093,ACTIVA
VMZCK17,VMZCK17.MX,NO,,"BANCO INVEX, S.A., INSTITUCION DE BANCA MULTIPLE, INVEX GRUPO FINANCIERO",BMV,Acción,MX1RVM000000,ACTIVA
VOLARA,VOLARA.MX,SI,14.91,"CONTROLADORA VUELA COMPAÑÍA DE AVIACIÓN, S.A.B. DE C.V.",BMV,Acción,MX01VO000009,ACTIVA
VTX2CK15,VTX2CK15.MX,NO,,"BANCO NACIONAL DE MÉXICO, S.A.,  INTEGRANTE DEL GRUPO FINANCIERO BANAMEX",BMV,Acción,MX1RVT010002,ACTIVA
WACERPI21D,WACERPI21D.MX,NO,,"CIBANCO,S.A. INSTITUCION DE BANCA MULTIPLE",BMV,Acción,,ACTIVA
WACERPI24-2D,WACERPI24-2D.MX,NO,,"CIBANCO,S.A. INSTITUCION DE BANCA MULTIPLE",BMV,Acción,,ACTIVA
WACERPI24-3D,WACERPI24-3D.MX,NO,,"CIBANCO,S.A. INSTITUCION DE BANCA MULTIPLE",BMV,Acción,,ACTIVA
WACERPI24D,WACERPI24D.MX,NO,,"CIBANCO,S.A. INSTITUCION DE BANCA MULTIPLE",BMV,Acción,,ACTIVA
WALMEX*,WALMEX.MX,SI,55.9,"WAL - MART DE MEXICO, S.A.B. DE C.V.",BMV,Acción,MX01WA000038,ACTIVA
WSMX2CK16,WSMX2CK16.MX,NO,,"BANCO INVEX, S.A., INSTITUCION DE BANCA MULTIPLE, INVEX GRUPO FINANCIERO",BMV,Acción,MX1RWS010002,ACTIVA
WSMX2CK18,WSMX2CK18.MX,NO,,"BANCO INVEX, S.A., INSTITUCION DE BANCA MULTIPLE, INVEX GRUPO FINANCIERO",BMV,Acción,,ACTIVA
WSMX2CK19,WSMX2CK19.MX,NO,,"BANCO INVEX, S.A., INSTITUCION DE BANCA MULTIPLE, INVEX GRUPO FINANCIERO",BMV,Acción,MX1RWS010028,ACTIVA
WSMX3CK21D,WSMX3CK21D.MX,NO,,"CIBANCO, S.A., INSTITUCIÓN DE BANCA MÚLTIPLE",BIVA,Acción,MX1RWS020001,ACTIVA
WSMXCK13,WSMXCK13.MX,NO,,"CIBANCO,S.A. INSTITUCION DE BANCA MULTIPLE",BMV,Acción,MX1RWS000003,ACTIVA
